system:index,NDVI_level,NDVI_mean,Name,Total_Area,mean,.geo
00000000000000000000,Low,0.19267418290160968,Sector-14,18.64,0.19267418290160968,"{""type"":""Polygon"",""coordinates"":[[[75.90514131238307,17.616976273790105],[75.90530189230877,17.61563858083872],[75.9054088568706,17.614755666367614],[75.90557386749326,17.613814827016714],[75.90597513848972,17.611906278156226],[75.90616691159168,17.611005596617368],[75.90669756518936,17.607732604150304],[75.90704982661713,17.60535139180778],[75.90683581128884,17.60499472321143],[75.90693391276548,17.60363914192516],[75.90716574037326,17.601797542997843],[75.90730841696023,17.600562396883674],[75.90729955506464,17.59899276973139],[75.9072236972155,17.596161207864462],[75.90714792794446,17.59428840371103],[75.90683581128884,17.591340972856138],[75.90634973385717,17.58765774468004],[75.90615796100448,17.5865518484917],[75.90607776017292,17.586132712188594],[75.90602423384664,17.585575285731977],[75.9054088568706,17.583283312259635],[75.90684919279511,17.58311839753696],[75.90819132481892,17.58312727051877],[75.91145536833449,17.58227108671514],[75.9125433955343,17.582066008511138],[75.91261030033642,17.582181943502693],[75.91462132861679,17.581860880653945],[75.91646741908156,17.58158885403285],[75.91759554891655,17.581334748255205],[75.91896903542047,17.58106270347895],[75.92186297180388,17.580817490816575],[75.92364215613941,17.580500835989444],[75.92753937619163,17.58020211377687],[75.92920711191678,17.580121800440757],[75.93188703713845,17.58017981095745],[75.93444650128876,17.580211001063397],[75.93736279982996,17.580153077028832],[75.94529555099804,17.57989441684685],[75.94527322506812,17.580282358933573],[75.94521528394765,17.58064355273346],[75.94511712064904,17.58083972514614],[75.94506369781408,17.580942308237226],[75.94491202292103,17.58114300721567],[75.944742628804,17.581352577859136],[75.94463108727287,17.58152201544411],[75.94455081984118,17.58174048213571],[75.94444831489734,17.582115055654825],[75.9442699720632,17.582676908953424],[75.9441138665245,17.582975691284226],[75.943850737044,17.583301176228],[75.9434628637962,17.584152840762897],[75.94332013538431,17.584638892581207],[75.94331570557405,17.584968910363255],[75.94331570557405,17.585102616301857],[75.94336026945898,17.585597585925004],[75.94374823158716,17.58661428565295],[75.94377498755635,17.586944260743206],[75.9438329292734,17.58772464798435],[75.94471587301989,17.587537320743845],[75.94517958015659,17.589205003403418],[75.94553183353788,17.590912851549817],[75.94606251540256,17.593311848182605],[75.94682947560102,17.59653134419425],[75.9473110716535,17.599813272943454],[75.9479041164635,17.602167626738435],[75.94752954348805,17.602403975882954],[75.94835895372749,17.604651316490525],[75.9485239138187,17.60610499988286],[75.94898317869718,17.605694790456347],[75.94946928553888,17.606051497206867],[75.94922397322152,17.606109439309613],[75.94950047002798,17.608156200091123],[75.94925967597992,17.608419329046004],[75.94879146414355,17.608526323374814],[75.94905006610666,17.610644366037302],[75.94933994070871,17.61523279497871],[75.94881821914788,17.618973950508344],[75.94987060812008,17.619892543499343],[75.94703014082445,17.620128871054426],[75.94572807088943,17.618916048635313],[75.94328443110955,17.620017394621655],[75.939070642532,17.621181267603333],[75.9374832071442,17.621127718520558],[75.93558361242984,17.62092705152602],[75.93509311587793,17.620681792878877],[75.93398275859585,17.620570374545967],[75.93310435449185,17.62047227616081],[75.93229275169584,17.62041872218106],[75.93103980849891,17.62031622087031],[75.92969762907269,17.620146710789196],[75.92875673130429,17.62011998092493],[75.92494416558003,17.620012913385764],[75.92456518939537,17.619954962074598],[75.92373581544972,17.619821181375087],[75.92315604825107,17.619745436906488],[75.92277263677633,17.619709756435032],[75.9223757556184,17.61969640157649],[75.92186297180388,17.61970528693657],[75.92113167344895,17.6197364893297],[75.91926331423262,17.62013783140057],[75.91838038733374,17.620195823940143],[75.91772040382551,17.620226964553986],[75.91729240534345,17.620249297424934],[75.9170159335808,17.620253735447523],[75.91664579729513,17.62022253302599],[75.91558004391604,17.620097644775147],[75.91537942227075,17.620057527942937],[75.91500042026223,17.619977315088654],[75.91470161318809,17.61990590757143],[75.91453661327988,17.6198747232323],[75.91425570536408,17.619825704632998],[75.91327030785583,17.619629484557073],[75.91205290703881,17.61941540450201],[75.91134388893568,17.619299466011313],[75.91083115345562,17.619223684974813],[75.91055909982299,17.619156769017025],[75.91017122309813,17.619036455195072],[75.90940867046496,17.618768892940412],[75.90858372653216,17.618443327720758],[75.9077008211374,17.61814462946187],[75.90666637117889,17.617792326288264],[75.90604204641775,17.617622846524608],[75.90523498402867,17.61743562891143],[75.90515469405052,17.617426636371125],[75.90513688136706,17.617297376690377],[75.90514131238307,17.616976273790105]]]}"
00000000000000000001,Low,0.1680812709307766,Sector-15,12.46,0.1680812709307766,"{""type"":""Polygon"",""coordinates"":[[[75.88745654883866,17.589187179699543],[75.88742535056599,17.58694425346037],[75.8874609804109,17.584273289151515],[75.89169714526285,17.584478401651612],[75.89792645866446,17.583898721128026],[75.89937121374842,17.583711426525205],[75.90041466829634,17.583747110079315],[75.90162313036541,17.583541997041607],[75.90371886045712,17.583372537277683],[75.9054088568706,17.583283312259635],[75.90602423384664,17.585575285731977],[75.90607776017292,17.586132712188594],[75.90615796100448,17.5865518484917],[75.90634973385717,17.58765774468004],[75.90683581128884,17.591340972856138],[75.90714792794446,17.59428840371103],[75.9072236972155,17.596161207864462],[75.90729955506464,17.59899276973139],[75.90730841696023,17.600562396883674],[75.90716574037326,17.601797542997843],[75.90693391276548,17.60363914192516],[75.90683581128884,17.60499472321143],[75.90704982661713,17.60535139180778],[75.90669756518936,17.607732604150304],[75.90616691159168,17.611005596617368],[75.90597513848972,17.611906278156226],[75.90557386749326,17.613814827016714],[75.9054088568706,17.614755666367614],[75.90530189230877,17.61563858083872],[75.90514131238307,17.616976273790105],[75.90513688136706,17.617297376690377],[75.90515469405052,17.617426636371125],[75.90523498402867,17.61743562891143],[75.90604204641775,17.617622846524608],[75.90666637117889,17.617792326288264],[75.9077008211374,17.61814462946187],[75.90858372653216,17.618443327720758],[75.90940867046496,17.618768892940412],[75.91017122309813,17.619036455195072],[75.91055909982299,17.619156769017025],[75.91083115345562,17.619223684974813],[75.91134388893568,17.619299466011313],[75.91205290703881,17.61941540450201],[75.91327030785583,17.619629484557073],[75.91425570536408,17.619825704632998],[75.91453661327988,17.6198747232323],[75.91470161318809,17.61990590757143],[75.91500042026223,17.619977315088654],[75.91537942227075,17.620057527942937],[75.91558004391604,17.620097644775147],[75.91664579729513,17.62022253302599],[75.9170159335808,17.620253735447523],[75.91729240534345,17.620249297424934],[75.91772040382551,17.620226964553986],[75.91838038733374,17.620195823940143],[75.91926331423262,17.62013783140057],[75.92113167344895,17.6197364893297],[75.92186297180388,17.61970528693657],[75.9223757556184,17.61969640157649],[75.92277263677633,17.619709756435032],[75.92315604825107,17.619745436906488],[75.92373581544972,17.619821181375087],[75.92456518939537,17.619954962074598],[75.92494416558003,17.620012913385764],[75.92875673130429,17.62011998092493],[75.92840000544058,17.62045888574573],[75.92761965337367,17.62120352310519],[75.9272183556102,17.621604868286944],[75.92698647249735,17.62195271008034],[75.92653165441081,17.62246995452784],[75.92629977016249,17.622737475879006],[75.92617935323881,17.62289355212374],[75.92588056996176,17.623276977035015],[75.92546588749052,17.62388794364817],[75.92469003810425,17.625270236036446],[75.92337455776543,17.627753928710803],[75.92264778636117,17.629113992549],[75.92214386450046,17.630050364703468],[75.92165340953626,17.63106264703713],[75.92087745045771,17.632502907748382],[75.92059655522641,17.63296661404114],[75.92011052539904,17.63358643563706],[75.9194952101098,17.634335557568203],[75.91916965193747,17.634710145100232],[75.91862114585145,17.63519621686074],[75.9181128675396,17.635717945912038],[75.91757773780978,17.636154935464667],[75.91693565033236,17.636690004754275],[75.9161151812582,17.637341015103058],[75.91601708619012,17.637184917795132],[75.91583427649924,17.637314310457466],[75.91516541962567,17.638121405026663],[75.91430922855604,17.63917821674903],[75.91360022183795,17.640047709995976],[75.91224024105831,17.639802457869493],[75.91105854380774,17.639802430879893],[75.90953353264939,17.639806902695472],[75.90551590997114,17.639735589159443],[75.90507440402658,17.639735527145152],[75.90328629964328,17.639485827360165],[75.90221619111702,17.638206101874694],[75.90111922173188,17.63711808077457],[75.90073575012956,17.63674799697494],[75.90037009077167,17.63635555194577],[75.90024965162348,17.63619059723678],[75.90022297597775,17.635780372745433],[75.89987955982133,17.635668884594416],[75.89950503585287,17.6356153329524],[75.89863545577344,17.635481569052804],[75.89801570387195,17.635361156511603],[75.89801570387195,17.635151629837466],[75.89796660572111,17.63380944991215],[75.89776152770015,17.63191874015712],[75.89765898857769,17.63083076753028],[75.89760989030246,17.6301930792494],[75.89755192950065,17.629631268768687],[75.89732451731695,17.628873157389698],[75.89693208420488,17.627611232142396],[75.89648177738277,17.626277956842937],[75.89616963707175,17.62539060011084],[75.8960090467274,17.62431151494092],[75.8957415729991,17.622875729642523],[75.89543386236929,17.62068185413273],[75.89504142398941,17.618626152161884],[75.89468470116213,17.61642338537928],[75.89449743239459,17.615406748067613],[75.8942611525627,17.613993142607598],[75.89410508003336,17.61279371789539],[75.89400696961546,17.61157184896377],[75.89398020415989,17.611348932431437],[75.89330238059661,17.610608731571812],[75.89276290232098,17.60965449616143],[75.8921430359532,17.60828108693826],[75.89167481080834,17.607527496130697],[75.8911709552096,17.606537560141476],[75.89057341647275,17.605404941522927],[75.89033713006157,17.60465131561588],[75.89012308932845,17.603781849602623],[75.88975740242131,17.60230141975452],[75.8894987798431,17.60118659059207],[75.8892624916307,17.600299291379073],[75.88858464537908,17.59764610766559],[75.88822799484,17.59621473680679],[75.8880495806011,17.595264942218137],[75.88783996795554,17.59370870100411],[75.88754128047619,17.59214354849681],[75.88734505043472,17.590578416910674],[75.88745654883866,17.589187179699543]]]}"
00000000000000000002,Low,0.21071390239684687,Sector-16,21.393,0.21071390239684687,"{""type"":""Polygon"",""coordinates"":[[[75.85176591802053,17.60323339912577],[75.8567065981289,17.60263137302558],[75.86099625344528,17.602056128989986],[75.86314994135647,17.60195361008752],[75.86339965888402,17.60069168301088],[75.8638455502849,17.598778696170097],[75.86406406315227,17.597111010589035],[75.86499156452028,17.593512490113692],[75.86661917599226,17.5874660005435],[75.86781861996279,17.582841886794753],[75.87848037943579,17.584059251386805],[75.8817132028096,17.58429106946854],[75.8874609804109,17.584273289151515],[75.88742535056599,17.58694425346037],[75.88745654883866,17.589187179699543],[75.88734505043472,17.590578416910674],[75.88754128047619,17.59214354849681],[75.88783996795554,17.59370870100411],[75.8880495806011,17.595264942218137],[75.88822799484,17.59621473680679],[75.88858464537908,17.59764610766559],[75.8892624916307,17.600299291379073],[75.8894987798431,17.60118659059207],[75.88975740242131,17.60230141975452],[75.89012308932845,17.603781849602623],[75.89033713006157,17.60465131561588],[75.89057341647275,17.605404941522927],[75.8911709552096,17.606537560141476],[75.89167481080834,17.607527496130697],[75.8921430359532,17.60828108693826],[75.89276290232098,17.60965449616143],[75.89330238059661,17.610608731571812],[75.89398020415989,17.611348932431437],[75.89400696961546,17.61157184896377],[75.89410508003336,17.61279371789539],[75.8942611525627,17.613993142607598],[75.89449743239459,17.615406748067613],[75.89468470116213,17.61642338537928],[75.89504142398941,17.618626152161884],[75.89543386236929,17.62068185413273],[75.8957415729991,17.622875729642523],[75.8960090467274,17.62431151494092],[75.89616963707175,17.62539060011084],[75.89648177738277,17.626277956842937],[75.89693208420488,17.627611232142396],[75.89732451731695,17.628873157389698],[75.89755192950065,17.629631268768687],[75.89760989030246,17.6301930792494],[75.89765898857769,17.63083076753028],[75.89776152770015,17.63191874015712],[75.89796660572111,17.63380944991215],[75.89801570387195,17.635151629837466],[75.89801570387195,17.635361156511603],[75.89801570387195,17.635602015312983],[75.89614730332622,17.63473244124464],[75.89524659459765,17.634326691315557],[75.89405154915437,17.63450953345497],[75.8920226783984,17.63472797617801],[75.89155888429714,17.635949778517077],[75.89113975775886,17.63701551861767],[75.89165256497911,17.63714478766377],[75.8932221724409,17.637563977246142],[75.89253548240606,17.64031970962456],[75.89248638234507,17.64041782041248],[75.89238383938275,17.641474607626765],[75.89248638234507,17.642063239700157],[75.89268703663802,17.642767731300626],[75.8934050115182,17.64470297166795],[75.8941184627499,17.6466337561607],[75.89402035234136,17.648074040888613],[75.89400696961546,17.650361628615517],[75.89398463552706,17.651699312026743],[75.89396239006247,17.651953484109843],[75.8934050115182,17.652979056373773],[75.89229911065578,17.654753779212005],[75.89173729409478,17.654272271882935],[75.8914519092133,17.65446399353857],[75.89132259953794,17.654544276773326],[75.88939623470728,17.654428261805027],[75.88883440657636,17.653322469371147],[75.88878530522618,17.653010337135026],[75.88941404938186,17.653037034683642],[75.89054221888976,17.65303707547199],[75.89010527474348,17.6526625252556],[75.88995362910553,17.651583359257867],[75.88994467748766,17.651431780817326],[75.88962809119151,17.650615753020887],[75.88903949759067,17.650098507900633],[75.88865156157009,17.649335997843192],[75.88858916554663,17.64854232548818],[75.88806739544583,17.647819880688534],[75.8862391906652,17.645924813107076],[75.88607867763855,17.64595604841044],[75.88475875906511,17.64617004939407],[75.88457590877498,17.645398625234563],[75.88436194793101,17.64454251120254],[75.88390708063442,17.64471634673373],[75.88309102801148,17.645282637970954],[75.88290826419437,17.645126647452848],[75.88227949103894,17.644524591312344],[75.88194950366801,17.644087661595307],[75.88167757151307,17.643753180752217],[75.88153930072485,17.64349460368504],[75.88087488997132,17.642856955597978],[75.87990282020452,17.64188929677652],[75.8787256380359,17.64081468990272],[75.87821278382378,17.640270667814935],[75.87762866312117,17.639566141353786],[75.877271984891,17.63909348293942],[75.87625078460893,17.63809014820138],[75.87544816085631,17.637376725691958],[75.87435568110985,17.636342185264745],[75.87300454011341,17.6352274309681],[75.87250513853769,17.634710170946672],[75.87212610982374,17.633983326493333],[75.87148851315747,17.633341213869148],[75.87106932701725,17.632770484023805],[75.87055210155103,17.63192320505391],[75.86987877486969,17.630879792926525],[75.86967808815054,17.630117299057186],[75.86940604372882,17.62956433194864],[75.86921883005928,17.6284139124925],[75.86904048044276,17.627365981370055],[75.86874166455227,17.626126366342536],[75.86834924058886,17.624538973266127],[75.86807728225409,17.623397427561837],[75.86183902791706,17.62465932876395],[75.85733087521007,17.625497640048618],[75.85413809717689,17.626005985884007],[75.85366549076653,17.623013905818258],[75.8532775463037,17.620186858357403],[75.85162761798843,17.612022231234384],[75.85136901429713,17.609699036063002],[75.85176591802053,17.60323339912577]]]}"
00000000000000000003,Low,0.17056059224177764,Sector-06,4.15,0.17056059224177764,"{""type"":""Polygon"",""coordinates"":[[[75.89863545577344,17.635481569052804],[75.89950503585287,17.6356153329524],[75.89987955982133,17.635668884594416],[75.90022297597775,17.635780372745433],[75.90024965162348,17.63619059723678],[75.90037009077167,17.63635555194577],[75.90073575012956,17.63674799697494],[75.90111922173188,17.63711808077457],[75.90221619111702,17.638206101874694],[75.90328629964328,17.639485827360165],[75.90507440402658,17.639735527145152],[75.90551590997114,17.639735589159443],[75.90953353264939,17.639806902695472],[75.91105854380774,17.639802430879893],[75.91224024105831,17.639802457869493],[75.91360022183795,17.640047709995976],[75.91430922855604,17.63917821674903],[75.91516541962567,17.638121405026663],[75.91583427649924,17.637314310457466],[75.91601708619012,17.637184917795132],[75.9161151812582,17.637341015103058],[75.9164585577635,17.6378761502889],[75.9150226624004,17.64005660327001],[75.915571182542,17.640333075759887],[75.91582089584844,17.640328661008482],[75.91652537208786,17.640654121562395],[75.91681079472566,17.64078345654096],[75.91677508369779,17.640832505016736],[75.9159368023707,17.642344144466765],[75.91499147023751,17.644069836969514],[75.91560680526226,17.644845724510308],[75.9162177069246,17.64560372883502],[75.91736816914494,17.64571525843282],[75.91955316186643,17.645956025914305],[75.92143489734174,17.646098712748643],[75.92273692726509,17.646303812760827],[75.92214386450046,17.647485507924912],[75.92156417933411,17.64872510556506],[75.92365996647663,17.649710575085752],[75.9251270520141,17.650321504456386],[75.92501106447286,17.650927916943857],[75.92489959583635,17.65165029444809],[75.92483269689035,17.65206942020448],[75.92469003810425,17.65300139469525],[75.9246187086568,17.653447300744897],[75.92568882377488,17.65299245696068],[75.92616597357424,17.65408939442083],[75.92645137660591,17.654628944154933],[75.9265450340405,17.654856414204488],[75.92736101182462,17.656751462199612],[75.92740558078607,17.656876334010416],[75.92734320195733,17.656907565872245],[75.92745466865166,17.6575897980557],[75.92764198211813,17.658713520608497],[75.92783815593442,17.659748026297223],[75.92804770896255,17.660782535687026],[75.92814136533096,17.661121418277684],[75.92831972870529,17.661794740857868],[75.92839557515836,17.66212024070999],[75.9285204204573,17.66264641464787],[75.92863631649053,17.66317255941137],[75.92864526564506,17.66334208260217],[75.92878349013775,17.663819175938173],[75.9288102489661,17.66391283560599],[75.9288905254205,17.664207144832133],[75.92900199088473,17.66456833424129],[75.92902874967136,17.664639659946605],[75.92871659304453,17.664661970980475],[75.92782477642812,17.664693118173503],[75.92734763227277,17.66473772044838],[75.92669212127603,17.664849195470353],[75.92637109875506,17.664929475527508],[75.9256220138127,17.665197034452888],[75.92422626313503,17.665696486034744],[75.92339245674545,17.665995231307722],[75.92271459773981,17.666235982041645],[75.92217505507435,17.666423288375007],[75.92164002944006,17.66655707144514],[75.92150622840778,17.66542440627348],[75.92138580736965,17.664278416484194],[75.92133228687509,17.663569479243375],[75.92121638480697,17.662530462753796],[75.92110934366823,17.661527226881944],[75.92102906276061,17.660724552782842],[75.92098901089989,17.66043466940757],[75.92089534975622,17.65990856256568],[75.92077492819395,17.659337792533655],[75.92060550489387,17.658749171457416],[75.92037804138646,17.65796885233317],[75.92018185713815,17.657304411135005],[75.9200570044182,17.65692982258711],[75.91989652996422,17.65663554052196],[75.91929450544664,17.655980082909107],[75.91901803762623,17.65570361068647],[75.91842052855068,17.655155115707437],[75.91808610667094,17.654941088197226],[75.91710950869987,17.65420534167404],[75.91614194250245,17.653389307467684],[75.91576294255145,17.65307715829933],[75.91492456656933,17.65243953063035],[75.91432260935082,17.6520471335445],[75.91388565041957,17.65182867387475],[75.91317212218591,17.65161010916538],[75.9126548739816,17.651476390371524],[75.91202171421662,17.651422886991675],[75.91104516270212,17.651463023552047],[75.91047438203704,17.651534348115625],[75.90918570833246,17.651734993277778],[75.90857034519095,17.65184200330654],[75.90748680679982,17.652020352670934],[75.90697405725243,17.65210955538014],[75.90664403909895,17.652176441204652],[75.90634973385717,17.652310263960914],[75.9054847156986,17.65276501603275],[75.90538209358272,17.652831979460643],[75.90487819841096,17.652479688018527],[75.90464193600116,17.652310197125175],[75.90444121012368,17.651984669765643],[75.90418261450927,17.651516542582737],[75.90396859481847,17.651128530696912],[75.90388830411757,17.651052798342448],[75.9036832347243,17.65084761768032],[75.90264866659858,17.64975961575353],[75.90173452884724,17.648827671952724],[75.90078475869161,17.647637092995758],[75.90038347289288,17.646856762329747],[75.90021845618345,17.646210174533504],[75.89966553358653,17.644796683343735],[75.89879152328263,17.642299530003452],[75.8983322713216,17.64083249499982],[75.89805585090316,17.639508125154656],[75.89802013511216,17.638478097074252],[75.89801570387195,17.636685573802758],[75.89801570387195,17.635602015312983],[75.89801570387195,17.635361156511603],[75.89863545577344,17.635481569052804]]]}"
00000000000000000004,Low,0.16553546875132447,Sector-07,2.272,0.16553546875132447,"{""type"":""Polygon"",""coordinates"":[[[75.9054847156986,17.65276501603275],[75.90634973385717,17.652310263960914],[75.90664403909895,17.652176441204652],[75.90697405725243,17.65210955538014],[75.90748680679982,17.652020352670934],[75.90857034519095,17.65184200330654],[75.90918570833246,17.651734993277778],[75.91047438203704,17.651534348115625],[75.91104516270212,17.651463023552047],[75.91202171421662,17.651422886991675],[75.9126548739816,17.651476390371524],[75.91317212218591,17.65161010916538],[75.91388565041957,17.65182867387475],[75.91432260935082,17.6520471335445],[75.91492456656933,17.65243953063035],[75.91576294255145,17.65307715829933],[75.91614194250245,17.653389307467684],[75.91710950869987,17.65420534167404],[75.91808610667094,17.654941088197226],[75.91842052855068,17.655155115707437],[75.91901803762623,17.65570361068647],[75.91929450544664,17.655980082909107],[75.91989652996422,17.65663554052196],[75.9200570044182,17.65692982258711],[75.92018185713815,17.657304411135005],[75.92037804138646,17.65796885233317],[75.92060550489387,17.658749171457416],[75.92077492819395,17.659337792533655],[75.92089534975622,17.65990856256568],[75.92098901089989,17.66043466940757],[75.92102906276061,17.660724552782842],[75.92110934366823,17.661527226881944],[75.92121638480697,17.662530462753796],[75.92133228687509,17.663569479243375],[75.92138580736965,17.664278416484194],[75.92150622840778,17.66542440627348],[75.92164002944006,17.66655707144514],[75.92110048264317,17.666730955217897],[75.91995448155517,17.667105554866925],[75.91921422350104,17.66734635275774],[75.91863009564486,17.66753809113396],[75.91830462407842,17.66761829465299],[75.91799244359046,17.667587086480992],[75.91617313440985,17.667194693099017],[75.91503161242314,17.66691819915544],[75.91381874622475,17.666606068999243],[75.9127262981231,17.666298434374973],[75.91137960134414,17.666102195054844],[75.90989473732213,17.665856991327235],[75.90869520811992,17.665558251500503],[75.90805308005203,17.66535751973471],[75.90750018824414,17.6650498347821],[75.90716130942103,17.66465299437436],[75.90698291916853,17.663921692217194],[75.906817910199,17.662548310383674],[75.90662170701547,17.66121062938188],[75.90652812491282,17.660492644693267],[75.9064344541284,17.65982382221497],[75.90628734567501,17.659520620114378],[75.90621148727988,17.65939577425504],[75.9059217007442,17.658905238111437],[75.90617134257523,17.658740284804747],[75.90644340469802,17.65858860958013],[75.90673319015876,17.65831667298428],[75.9069071497678,17.657986635132403],[75.90697848821056,17.6577548088388],[75.90700525119465,17.657629908010527],[75.9070096821518,17.65746940311454],[75.90688038676502,17.656519603738808],[75.90668418366866,17.65519969953362],[75.9066172760461,17.654811761012898],[75.90647016778394,17.65403589264622],[75.90634973385717,17.653750523639037],[75.90617134257523,17.6534829287247],[75.90578788474183,17.65311730805933],[75.90538209358272,17.652831979460643],[75.9054847156986,17.65276501603275]]]}"
00000000000000000005,Low,0.22081036397960468,Sector-09,10.171,0.22081036397960468,"{""type"":""Polygon"",""coordinates"":[[[75.85733087521007,17.625497640048618],[75.86183902791706,17.62465932876395],[75.86807728225409,17.623397427561837],[75.86834924058886,17.624538973266127],[75.86874166455227,17.626126366342536],[75.86904048044276,17.627365981370055],[75.86921883005928,17.6284139124925],[75.86940604372882,17.62956433194864],[75.86967808815054,17.630117299057186],[75.86987877486969,17.630879792926525],[75.87055210155103,17.63192320505391],[75.87106932701725,17.632770484023805],[75.87148851315747,17.633341213869148],[75.87212610982374,17.633983326493333],[75.87250513853769,17.634710170946672],[75.87300454011341,17.6352274309681],[75.87435568110985,17.636342185264745],[75.87544816085631,17.637376725691958],[75.87625078460893,17.63809014820138],[75.877271984891,17.63909348293942],[75.87762866312117,17.639566141353786],[75.87821278382378,17.640270667814935],[75.8787256380359,17.64081468990272],[75.87990282020452,17.64188929677652],[75.88087488997132,17.642856955597978],[75.88153930072485,17.64349460368504],[75.88167757151307,17.643753180752217],[75.88194950366801,17.644087661595307],[75.88227949103894,17.644524591312344],[75.88290826419437,17.645126647452848],[75.88309102801148,17.645282637970954],[75.88390708063442,17.64471634673373],[75.88436194793101,17.64454251120254],[75.88457590877498,17.645398625234563],[75.88475875906511,17.64617004939407],[75.88607867763855,17.64595604841044],[75.8862391906652,17.645924813107076],[75.88806739544583,17.647819880688534],[75.88858916554663,17.64854232548818],[75.88865156157009,17.649335997843192],[75.88903949759067,17.650098507900633],[75.88962809119151,17.650615753020887],[75.88994467748766,17.651431780817326],[75.88995362910553,17.651583359257867],[75.89010527474348,17.6526625252556],[75.89054221888976,17.65303707547199],[75.88941404938186,17.653037034683642],[75.88878530522618,17.653010337135026],[75.88883440657636,17.653322469371147],[75.88939623470728,17.654428261805027],[75.89132259953794,17.654544276773326],[75.8914519092133,17.65446399353857],[75.89173729409478,17.654272271882935],[75.89229911065578,17.654753779212005],[75.8934050115182,17.652979056373773],[75.89396239006247,17.651953484109843],[75.89398463552706,17.651699312026743],[75.89400696961546,17.650361628615517],[75.89402035234136,17.648074040888613],[75.8941184627499,17.6466337561607],[75.8934050115182,17.64470297166795],[75.89268703663802,17.642767731300626],[75.89248638234507,17.642063239700157],[75.89238383938275,17.641474607626765],[75.89248638234507,17.64041782041248],[75.89253548240606,17.64031970962456],[75.8932221724409,17.637563977246142],[75.89165256497911,17.63714478766377],[75.89113975775886,17.63701551861767],[75.89155888429714,17.635949778517077],[75.8920226783984,17.63472797617801],[75.89405154915437,17.63450953345497],[75.89524659459765,17.634326691315557],[75.89614730332622,17.63473244124464],[75.89801570387195,17.635602015312983],[75.89801570387195,17.636685573802758],[75.89802013511216,17.638478097074252],[75.89805585090316,17.639508125154656],[75.8983322713216,17.64083249499982],[75.89879152328263,17.642299530003452],[75.89966553358653,17.644796683343735],[75.90021845618345,17.646210174533504],[75.90038347289288,17.646856762329747],[75.90078475869161,17.647637092995758],[75.90173452884724,17.648827671952724],[75.90264866659858,17.64975961575353],[75.9036832347243,17.65084761768032],[75.90388830411757,17.651052798342448],[75.9035538476586,17.651592286094157],[75.90286720800647,17.652604567821033],[75.90250598528539,17.6530727335616],[75.90192187661229,17.653732677730392],[75.9013020505565,17.654414917808655],[75.90058411593525,17.65519524681188],[75.89955856465903,17.656314514461457],[75.89891196367826,17.657112722808687],[75.89823416384823,17.65795103051424],[75.897097104766,17.659279758480967],[75.89562556120754,17.66076468684914],[75.89590650632897,17.661050071134426],[75.8966734747948,17.661821451538902],[75.8968027795592,17.66190622401417],[75.89601356665682,17.66261523801748],[75.89479619376023,17.663707646549554],[75.89453758042866,17.66397519825739],[75.89399358688831,17.664545957247938],[75.89357889897123,17.66509000795204],[75.89367700968718,17.6657321366582],[75.8937260207058,17.66774318702834],[75.89389990776264,17.66905417301336],[75.89403373506596,17.66947329225428],[75.89434136012697,17.669932583498344],[75.89307053015656,17.669687338702232],[75.89113080621634,17.669254795890733],[75.88998039532584,17.668969387751243],[75.88725136689044,17.66832734980498],[75.8854231515319,17.66779668702052],[75.88450907928357,17.66761829603236],[75.88309998006433,17.66741316832116],[75.88156163678444,17.667386459201076],[75.87942569077875,17.66719913772232],[75.87803444555897,17.66706985755151],[75.876785894123,17.667016353421143],[75.87504237098821,17.66723927475509],[75.87389191757931,17.66722589892601],[75.87283071594551,17.667127836498384],[75.87287973420523,17.666878090845962],[75.87267461971045,17.66508106365164],[75.87254086078923,17.663988625407477],[75.87242491856026,17.662927321316378],[75.87220198656067,17.66063539081946],[75.87193437905579,17.658758052897774],[75.87171144628245,17.65711265991961],[75.87161332029423,17.65565905320068],[75.87125662687787,17.654120630060678],[75.87118970244126,17.65229236695349],[75.87139038701449,17.651235614415825],[75.87177837047203,17.649411771269147],[75.87235799467685,17.6467809174668],[75.87089984391957,17.645398637637854],[75.8694507196815,17.64383795651148],[75.86793456596955,17.641893722316343],[75.86554896660347,17.63928070524234],[75.86364494365158,17.637211680199933],[75.86277984090894,17.63629760237774],[75.86149560701196,17.63431771972392],[75.8611478415241,17.633653338400414],[75.86076434996498,17.633064725133853],[75.85975659373157,17.631722534636467],[75.85837871837114,17.630246571778503],[75.85580581517381,17.627972455780405],[75.85466433648735,17.626866599404604],[75.85415148367953,17.626090702109728],[75.85413809717689,17.626005985884007],[75.85733087521007,17.625497640048618]]]}"
00000000000000000006,Low,0.18823450909046344,Sector-08,2.144,0.18823450909046344,"{""type"":""Polygon"",""coordinates"":[[[75.89399358688831,17.664545957247938],[75.89453758042866,17.66397519825739],[75.89479619376023,17.663707646549554],[75.89601356665682,17.66261523801748],[75.8968027795592,17.66190622401417],[75.8966734747948,17.661821451538902],[75.89590650632897,17.661050071134426],[75.89562556120754,17.66076468684914],[75.897097104766,17.659279758480967],[75.89823416384823,17.65795103051424],[75.89891196367826,17.657112722808687],[75.89955856465903,17.656314514461457],[75.90058411593525,17.65519524681188],[75.9013020505565,17.654414917808655],[75.90192187661229,17.653732677730392],[75.90250598528539,17.6530727335616],[75.90286720800647,17.652604567821033],[75.9035538476586,17.651592286094157],[75.90388830411757,17.651052798342448],[75.90396859481847,17.651128530696912],[75.90418261450927,17.651516542582737],[75.90444121012368,17.651984669765643],[75.90464193600116,17.652310197125175],[75.90487819841096,17.652479688018527],[75.90538209358272,17.652831979460643],[75.90578788474183,17.65311730805933],[75.90617134257523,17.6534829287247],[75.90634973385717,17.653750523639037],[75.90647016778394,17.65403589264622],[75.9066172760461,17.654811761012898],[75.90668418366866,17.65519969953362],[75.90688038676502,17.656519603738808],[75.9070096821518,17.65746940311454],[75.90700525119465,17.657629908010527],[75.90697848821056,17.6577548088388],[75.9069071497678,17.657986635132403],[75.90673319015876,17.65831667298428],[75.90644340469802,17.65858860958013],[75.90617134257523,17.658740284804747],[75.9059217007442,17.658905238111437],[75.90621148727988,17.65939577425504],[75.90628734567501,17.659520620114378],[75.9064344541284,17.65982382221497],[75.90652812491282,17.660492644693267],[75.90662170701547,17.66121062938188],[75.906817910199,17.662548310383674],[75.90698291916853,17.663921692217194],[75.90716130942103,17.66465299437436],[75.90736194279778,17.665437817801838],[75.9081066056061,17.667618357077128],[75.90839204534429,17.668394166337055],[75.9086462023136,17.66926816329715],[75.9082939448849,17.66945991986126],[75.9079862616993,17.669709641205838],[75.90784801673081,17.66985681960232],[75.90774539633938,17.669990518528156],[75.90762062118569,17.6702313619636],[75.9074689944117,17.670333872885138],[75.90744223151586,17.670489939602298],[75.90741103767057,17.670650539715723],[75.90656826951563,17.670704013472292],[75.90617134257523,17.670436499973214],[75.90576112152607,17.67029381041846],[75.90488271805557,17.670191182612843],[75.90399535837525,17.670164433002743],[75.90213589941617,17.670168939804153],[75.90121289605511,17.670240305818904],[75.8999954794847,17.67028930778815],[75.89822530138115,17.670191244278982],[75.89477837976597,17.66995931227994],[75.89434136012697,17.669932583498344],[75.89403373506596,17.66947329225428],[75.89389990776264,17.66905417301336],[75.8937260207058,17.66774318702834],[75.89367700968718,17.6657321366582],[75.89357889897123,17.66509000795204],[75.89399358688831,17.664545957247938]]]}"
00000000000000000007,Low,0.12708054070554387,Sector-04,1.952,0.12708054070554387,"{""type"":""Polygon"",""coordinates"":[[[75.90750018824414,17.6650498347821],[75.90805308005203,17.66535751973471],[75.90869520811992,17.665558251500503],[75.90989473732213,17.665856991327235],[75.91137960134414,17.666102195054844],[75.9127262981231,17.666298434374973],[75.91381874622475,17.666606068999243],[75.91503161242314,17.66691819915544],[75.91617313440985,17.667194693099017],[75.91799244359046,17.667587086480992],[75.91830462407842,17.66761829465299],[75.91863009564486,17.66753809113396],[75.91921422350104,17.66734635275774],[75.91995448155517,17.667105554866925],[75.92110048264317,17.666730955217897],[75.92164002944006,17.66655707144514],[75.92168903071335,17.667109970147504],[75.9217469815642,17.66768523533933],[75.92181840108141,17.668371913490137],[75.92194325223448,17.669517892527956],[75.92205020412752,17.670538990078583],[75.92216619411657,17.67159588263934],[75.92228209540025,17.67267943398621],[75.92237575561842,17.673428565062327],[75.92246489669513,17.673999311560266],[75.92267454636016,17.675292453976358],[75.92277263677633,17.676179809014872],[75.92280382721047,17.678217642330818],[75.92272354727221,17.67962219521286],[75.92266559682464,17.68070129167761],[75.921118293303,17.68004581697743],[75.91896903542047,17.67913619045692],[75.917809636471,17.678654607579773],[75.91738154964831,17.67844053319011],[75.91715416953016,17.678329040854464],[75.91689107804548,17.67824885553537],[75.91650756084536,17.678146245570627],[75.91613299255047,17.678057085086675],[75.91572280057483,17.67798573053315],[75.91537499157748,17.677945563834385],[75.91503604312724,17.677932258465177],[75.91435832100223,17.67796789473686],[75.91365817602717,17.67797682939599],[75.91301607063252,17.67800356998127],[75.91236510072731,17.6780391985039],[75.91192804709243,17.678119488759744],[75.91151784283969,17.67823094721019],[75.91118340452662,17.678342433039166],[75.91101396965625,17.678395984366404],[75.91052347582298,17.678659096355027],[75.90920804000872,17.67910046613564],[75.90857486471693,17.67929671055521],[75.90859710787207,17.678271136602852],[75.90866844545748,17.67745508085024],[75.90875316433176,17.676518707590375],[75.90884683357162,17.675519869879246],[75.90886464578519,17.675194366450942],[75.9089137401333,17.674605690288473],[75.90890922061821,17.674119670598472],[75.90890035882352,17.67374067919802],[75.90888697751245,17.67331263236082],[75.90886464578519,17.67275964531946],[75.90885126447073,17.672215695483597],[75.90885578398768,17.67164488693648],[75.90883345225545,17.670583620629902],[75.90877992697808,17.669999509520476],[75.9086462023136,17.66926816329715],[75.90839204534429,17.668394166337055],[75.9081066056061,17.667618357077128],[75.90736194279778,17.665437817801838],[75.90716130942103,17.66465299437436],[75.90750018824414,17.6650498347821]]]}"
00000000000000000008,Low,0.14762656396302531,Sector-05,1.688,0.14762656396302531,"{""type"":""Polygon"",""coordinates"":[[[75.92217505507435,17.666423288375007],[75.92271459773981,17.666235982041645],[75.92339245674545,17.665995231307722],[75.92422626313503,17.665696486034744],[75.9256220138127,17.665197034452888],[75.92637109875506,17.664929475527508],[75.92669212127603,17.664849195470353],[75.92734763227277,17.66473772044838],[75.92782477642812,17.664693118173503],[75.92871659304453,17.664661970980475],[75.92902874967136,17.664639659946605],[75.92944342160625,17.665647392975362],[75.92984471300099,17.666998538220785],[75.93012567831694,17.668046383496776],[75.9302594711266,17.668519018465915],[75.9304600714973,17.669326134023404],[75.93071427711998,17.670440911154007],[75.93085692977702,17.671114238235386],[75.93093277485731,17.671471005078036],[75.93099072188865,17.671751877771126],[75.93107994609343,17.67218889201189],[75.93110218568279,17.672331577406503],[75.9310843762908,17.672661606008273],[75.93115127225401,17.673691580017312],[75.931160221248,17.67409735370571],[75.93118246082462,17.674547791119195],[75.93119584001046,17.674971367241675],[75.9312136493883,17.67544399708993],[75.93124935674102,17.676046023325746],[75.93128506408465,17.676755049774396],[75.93131182243545,17.67739271479798],[75.93132963179855,17.6781462664985],[75.93132520160893,17.678614464885147],[75.93123597756029,17.67932794732741],[75.93104866889604,17.680567553452097],[75.93078560346665,17.6819275632001],[75.93054034700688,17.682979960781726],[75.93029509011797,17.683911851632804],[75.93005878186422,17.6838271735708],[75.9261927329021,17.682186182538054],[75.92311599699742,17.68089305685268],[75.92266559682464,17.68070129167761],[75.92272354727221,17.67962219521286],[75.92280382721047,17.678217642330818],[75.92277263677633,17.676179809014872],[75.92267454636016,17.675292453976358],[75.92246489669513,17.673999311560266],[75.92237575561842,17.673428565062327],[75.92228209540025,17.67267943398621],[75.92216619411657,17.67159588263934],[75.92205020412752,17.670538990078583],[75.92194325223448,17.669517892527956],[75.92181840108141,17.668371913490137],[75.9217469815642,17.66768523533933],[75.92168903071335,17.667109970147504],[75.92164002944006,17.66655707144514],[75.92217505507435,17.666423288375007]]]}"
00000000000000000009,Low,0.210513953678036,Sector-01,3.062,0.210513953678036,"{""type"":""Polygon"",""coordinates"":[[[75.87283071594551,17.667127836498384],[75.87389191757931,17.66722589892601],[75.87504237098821,17.66723927475509],[75.876785894123,17.667016353421143],[75.87803444555897,17.66706985755151],[75.87942569077875,17.66719913772232],[75.88156163678444,17.667386459201076],[75.88309998006433,17.66741316832116],[75.88450907928357,17.66761829603236],[75.8854231515319,17.66779668702052],[75.88725136689044,17.66832734980498],[75.88998039532584,17.668969387751243],[75.89113080621634,17.669254795890733],[75.89307053015656,17.669687338702232],[75.89434136012697,17.669932583498344],[75.89486310700207,17.670588126047566],[75.89569247405542,17.671631467263403],[75.89657536616576,17.67277306640242],[75.89750735106958,17.67393245234611],[75.89838580057366,17.67510066644767],[75.89897435513042,17.675925623864863],[75.8990456975951,17.676251151779528],[75.89898773738432,17.677579956674283],[75.89888519915482,17.678908793907713],[75.89886738567776,17.679528596268284],[75.89825649726282,17.68003246347103],[75.89599123288653,17.68205239000104],[75.8931686412265,17.684656543558955],[75.89169271382374,17.685994323089897],[75.89161241612304,17.68587390154015],[75.8905867995247,17.68467882860709],[75.88991791126057,17.68421951928956],[75.88922677361066,17.683622033443935],[75.88887898775135,17.682725745199615],[75.88872734079438,17.682418117589688],[75.88865599310478,17.682275398816103],[75.8886203635618,17.68219954081359],[75.88811649704603,17.681481689298813],[75.88769736027355,17.681214098889118],[75.88768840851243,17.681209651955225],[75.88763044362973,17.681214085521923],[75.88757691029181,17.681218576658402],[75.88743873391675,17.681209671495754],[75.88734061885881,17.681187350612504],[75.88711762177947,17.681102628073386],[75.8866895302137,17.680919832115908],[75.88664946857625,17.68089308416704],[75.88662270172365,17.680852915295866],[75.88659593486598,17.680768169508855],[75.88658698303496,17.68075039361176],[75.88657359960335,17.680728058278078],[75.88653796953426,17.68070136796837],[75.88607867763855,17.680429354936074],[75.88595831490677,17.680358013601083],[75.88587801394026,17.680300003031217],[75.88575765103725,17.68020191566066],[75.88561043235428,17.680054737825227],[75.88553465145515,17.679974458925937],[75.88552126792372,17.67995662548205],[75.88543210343678,17.679916506898575],[75.8853429388935,17.67982730992347],[75.88527158949172,17.679742586939973],[75.8852270071764,17.679657869603922],[75.88520910334003,17.67959989737457],[75.88517790457024,17.67948402349788],[75.88470974492914,17.678636728671894],[75.88455366182579,17.678610013304134],[75.88399181440408,17.678650164480985],[75.88377776404057,17.67870361638803],[75.88363063192539,17.678721509801353],[75.8826808283863,17.678717008619547],[75.88243557665794,17.678685832945106],[75.88238656171497,17.67865013609678],[75.88234641022099,17.67846732171916],[75.8822572437277,17.67787869905579],[75.88215017295356,17.67748181879987],[75.88178455401072,17.676848631951422],[75.88113352836054,17.675818569291803],[75.88094624159622,17.67560007132676],[75.88070993905818,17.675372710779246],[75.88028625984877,17.67506498510432],[75.87977349994172,17.67473506563322],[75.87968876363948,17.674681499863187],[75.87908683306632,17.67429804506364],[75.87801662944757,17.67387892243179],[75.87771783253795,17.67389671982612],[75.87742798740868,17.67388339239665],[75.87610807657765,17.67198821059598],[75.8729733386467,17.669517873567916],[75.8724115337861,17.669259234559206],[75.87283071594551,17.667127836498384]]]}"
0000000000000000000a,Low,0.13651948168137135,Sector-13,23.182,0.13651948168137135,"{""type"":""Polygon"",""coordinates"":[[[75.9159368023707,17.642344144466765],[75.91677508369779,17.640832505016736],[75.91681079472566,17.64078345654096],[75.91652537208786,17.640654121562395],[75.91582089584844,17.640328661008482],[75.915571182542,17.640333075759887],[75.9150226624004,17.64005660327001],[75.9164585577635,17.6378761502889],[75.9161151812582,17.637341015103058],[75.91693565033236,17.636690004754275],[75.91757773780978,17.636154935464667],[75.9181128675396,17.635717945912038],[75.91862114585145,17.63519621686074],[75.91916965193747,17.634710145100232],[75.9194952101098,17.634335557568203],[75.92011052539904,17.63358643563706],[75.92059655522641,17.63296661404114],[75.92087745045771,17.632502907748382],[75.92165340953626,17.63106264703713],[75.92214386450046,17.630050364703468],[75.92264778636117,17.629113992549],[75.92337455776543,17.627753928710803],[75.92469003810425,17.625270236036446],[75.92546588749052,17.62388794364817],[75.92588056996176,17.623276977035015],[75.92617935323881,17.62289355212374],[75.92629977016249,17.622737475879006],[75.92653165441081,17.62246995452784],[75.92698647249735,17.62195271008034],[75.9272183556102,17.621604868286944],[75.92761965337367,17.62120352310519],[75.92840000544058,17.62045888574573],[75.92875673130429,17.62011998092493],[75.92969762907269,17.620146710789196],[75.93103980849891,17.62031622087031],[75.93229275169584,17.62041872218106],[75.93310435449185,17.62047227616081],[75.93398275859585,17.620570374545967],[75.93509311587793,17.620681792878877],[75.93558361242984,17.62092705152602],[75.9374832071442,17.621127718520558],[75.939070642532,17.621181267603333],[75.94328443110955,17.620017394621655],[75.94572807088943,17.618916048635313],[75.94703014082445,17.620128871054426],[75.94987060812008,17.619892543499343],[75.94980372110322,17.620209189035084],[75.95002218904244,17.62140865061522],[75.95016039242864,17.62244317333255],[75.95054833569087,17.624913533445838],[75.95072224094163,17.627053865289167],[75.95104329622067,17.627102915267443],[75.95176123835908,17.63138363231966],[75.95197084416635,17.632453816332646],[75.95266645679003,17.63199013130666],[75.95276009668645,17.633430375314493],[75.95285816602818,17.6360032504966],[75.95373662329483,17.63598099352038],[75.95332636424024,17.637055683080007],[75.95373662329483,17.63908450884443],[75.95373662329483,17.640083358452383],[75.95390609510285,17.640087834450494],[75.95386144598989,17.640943984615753],[75.95364298405292,17.640939499434698],[75.95362960701323,17.642032022686866],[75.95383469195109,17.6446985336559],[75.95416025813473,17.647333881009715],[75.953959603148,17.647365107427447],[75.9538971475635,17.64811864887496],[75.9533754430159,17.649411843827465],[75.95366522005644,17.651837547137067],[75.95494498025555,17.656042494680285],[75.95474432639602,17.65610046706184],[75.95732613930151,17.663538198341882],[75.95970291703632,17.668496737177573],[75.96154451546062,17.67236729151528],[75.96217771709694,17.673838800744026],[75.96063483673244,17.674338174215453],[75.95986343444658,17.674699367844628],[75.95708535874088,17.676206521445565],[75.95330403959291,17.6772633804694],[75.95389271808837,17.67930566798554],[75.95433858835125,17.683158294199476],[75.9544857349705,17.685708934758992],[75.95567627918902,17.68561078182154],[75.95706755265645,17.6897175817188],[75.95784339974195,17.691617185863358],[75.95515909931004,17.690649596493174],[75.95381688545223,17.690230465037565],[75.9503967553391,17.68944563486577],[75.94787293161832,17.68887482792496],[75.94439480321142,17.688121296206045],[75.94160339620726,17.687572794842207],[75.93962358713891,17.687158143858888],[75.93674747165169,17.686244026367703],[75.93370631972994,17.6852273329402],[75.93215904943052,17.684660978451763],[75.93057605453114,17.68401000957844],[75.93029509011797,17.683911851632804],[75.93054034700688,17.682979960781726],[75.93078560346665,17.6819275632001],[75.93104866889604,17.680567553452097],[75.93123597756029,17.67932794732741],[75.93132520160893,17.678614464885147],[75.93132963179855,17.6781462664985],[75.93131182243545,17.67739271479798],[75.93128506408465,17.676755049774396],[75.93124935674102,17.676046023325746],[75.9312136493883,17.67544399708993],[75.93119584001046,17.674971367241675],[75.93118246082462,17.674547791119195],[75.931160221248,17.67409735370571],[75.93115127225401,17.673691580017312],[75.9310843762908,17.672661606008273],[75.93110218568279,17.672331577406503],[75.93107994609343,17.67218889201189],[75.93099072188865,17.671751877771126],[75.93093277485731,17.671471005078036],[75.93085692977702,17.671114238235386],[75.93071427711998,17.670440911154007],[75.9304600714973,17.669326134023404],[75.9302594711266,17.668519018465915],[75.93012567831694,17.668046383496776],[75.92984471300099,17.666998538220785],[75.92944342160625,17.665647392975362],[75.92902874967136,17.664639659946605],[75.92900199088473,17.66456833424129],[75.9288905254205,17.664207144832133],[75.9288102489661,17.66391283560599],[75.92878349013775,17.663819175938173],[75.92864526564506,17.66334208260217],[75.92863631649053,17.66317255941137],[75.9285204204573,17.66264641464787],[75.92839557515836,17.66212024070999],[75.92831972870529,17.661794740857868],[75.92814136533096,17.661121418277684],[75.92804770896255,17.660782535687026],[75.92783815593442,17.659748026297223],[75.92764198211813,17.658713520608497],[75.92745466865166,17.6575897980557],[75.92734320195733,17.656907565872245],[75.92740558078607,17.656876334010416],[75.92736101182462,17.656751462199612],[75.9265450340405,17.654856414204488],[75.92645137660591,17.654628944154933],[75.92616597357424,17.65408939442083],[75.92568882377488,17.65299245696068],[75.9246187086568,17.653447300744897],[75.92469003810425,17.65300139469525],[75.92483269689035,17.65206942020448],[75.92489959583635,17.65165029444809],[75.92501106447286,17.650927916943857],[75.9251270520141,17.650321504456386],[75.92365996647663,17.649710575085752],[75.92156417933411,17.64872510556506],[75.92214386450046,17.647485507924912],[75.92273692726509,17.646303812760827],[75.92143489734174,17.646098712748643],[75.91955316186643,17.645956025914305],[75.91736816914494,17.64571525843282],[75.9162177069246,17.64560372883502],[75.91560680526226,17.644845724510308],[75.91499147023751,17.644069836969514],[75.9159368023707,17.642344144466765]]]}"
0000000000000000000b,Low,0.24631409883757666,Sector-10,28.856,0.24631409883757666,"{""type"":""Polygon"",""coordinates"":[[[75.81119248789899,17.67657666132313],[75.81317232440345,17.676616805665663],[75.81367628000804,17.674391687727535],[75.81451454675057,17.671609209577333],[75.81601282653115,17.66892925641684],[75.8211184406006,17.66465297292409],[75.82275941278866,17.663212723466923],[75.82374047563684,17.6623119835139],[75.82420413720547,17.661513766502893],[75.82749946918563,17.660902871934184],[75.82782053918439,17.660452511473093],[75.83091513445086,17.659382380491184],[75.8331045680182,17.658798216895566],[75.83556598909992,17.657620975076433],[75.83678777300102,17.656412578413782],[75.83722922629791,17.656238715679425],[75.8360475221663,17.655418216403465],[75.83712221012959,17.65486977181046],[75.83617688236394,17.65331800834119],[75.8391688914559,17.65224776910196],[75.83858922010778,17.649826543162938],[75.83782229124057,17.646602606500707],[75.83701076072856,17.644725342976077],[75.8344422578239,17.640631853032517],[75.83757705045377,17.640221624960844],[75.839797678808,17.63886600313176],[75.84215206018355,17.637563940375042],[75.84724432361361,17.635405789683084],[75.848769387118,17.634406964443368],[75.85289846609064,17.63260989851138],[75.85397763635143,17.63219971884523],[75.85578799626218,17.63124539002558],[75.85787935381137,17.63039821723399],[75.85837871837114,17.630246571778503],[75.85975659373157,17.631722534636467],[75.86076434996498,17.633064725133853],[75.8611478415241,17.633653338400414],[75.86149560701196,17.63431771972392],[75.86277984090894,17.63629760237774],[75.86364494365158,17.637211680199933],[75.86554896660347,17.63928070524234],[75.86793456596955,17.641893722316343],[75.8694507196815,17.64383795651148],[75.87089984391957,17.645398637637854],[75.87235799467685,17.6467809174668],[75.87177837047203,17.649411771269147],[75.87139038701449,17.651235614415825],[75.87118970244126,17.65229236695349],[75.87125662687787,17.654120630060678],[75.87161332029423,17.65565905320068],[75.87171144628245,17.65711265991961],[75.87193437905579,17.658758052897774],[75.87220198656067,17.66063539081946],[75.87242491856026,17.662927321316378],[75.87254086078923,17.663988625407477],[75.87267461971045,17.66508106365164],[75.87287973420523,17.666878090845962],[75.87283071594551,17.667127836498384],[75.8724115337861,17.669259234559206],[75.8729733386467,17.669517873567916],[75.87610807657765,17.67198821059598],[75.87742798740868,17.67388339239665],[75.87850262734227,17.67543062512496],[75.87818601537097,17.67778506051646],[75.87813699895248,17.678057064342326],[75.87798542908787,17.678788363666026],[75.877606415077,17.67918966669114],[75.87679484657568,17.680032416863348],[75.87606801193674,17.68077267327862],[75.87605905943799,17.68081280127292],[75.87602342671458,17.681383596738705],[75.87601004228131,17.681628802433],[75.87599665784678,17.681811602571493],[75.87510034104072,17.681914219808984],[75.8741729059858,17.682039015941758],[75.87381169838915,17.682092592274824],[75.87372252650658,17.68211037158134],[75.87357981592142,17.68213713868064],[75.87341033583427,17.68218622961201],[75.87334350105782,17.682208460103794],[75.87280394647283,17.68243149379386],[75.87232236102003,17.682636592518612],[75.87181400426599,17.682850596264863],[75.87164452206119,17.682890769794646],[75.8717872346007,17.683189535680963],[75.87195219593423,17.68379594737752],[75.87215287942482,17.68451829957106],[75.87231784033158,17.685102471802704],[75.87234017784957,17.68519166136324],[75.87230454418825,17.68520054040871],[75.87172483112289,17.685334315324468],[75.87114511567982,17.68547258941693],[75.87092218166164,17.6855394076133],[75.87029344378712,17.68568213901717],[75.86953989425913,17.685847108349353],[75.86941056451039,17.685873874421294],[75.86503615322192,17.68673449676318],[75.86478643858253,17.68886595248137],[75.86476418851696,17.68909779808483],[75.86237410333013,17.689842486741075],[75.86195941119662,17.689971834380312],[75.86031401643338,17.69049354189164],[75.85915457829459,17.690850222513465],[75.8586552164708,17.691015222693203],[75.85787040016125,17.691238219866477],[75.85664409934883,17.69154586884031],[75.8565549166447,17.69156813718435],[75.85524394214524,17.691893693244868],[75.85431646557184,17.692121090099565],[75.85259083944744,17.692531285866725],[75.851698984368,17.69278545001281],[75.85149836052875,17.6928434491678],[75.85099001763393,17.69299064274601],[75.84991091328108,17.693235894245934],[75.84895219504791,17.693423110166044],[75.84839038350573,17.693481127680638],[75.84772147290464,17.693507845638358],[75.8470882878227,17.693534609776812],[75.84698127908732,17.693534652108887],[75.84689652314682,17.693325015514556],[75.84693225186012,17.69310652343231],[75.84650856016187,17.690707574146963],[75.84622769415778,17.69070754574646],[75.84486768487123,17.689757754803463],[75.84417207143167,17.689704229119556],[75.83959251640498,17.689548169670886],[75.83476331214327,17.68919141386923],[75.83352812238647,17.68906215112833],[75.82977806627106,17.68885252364263],[75.82958184483627,17.68677014642548],[75.82946595613463,17.686052272074782],[75.82763770405163,17.680629984133738],[75.82574700475452,17.679920996065764],[75.82345504237665,17.681240896239657],[75.82246067674426,17.68217729040838],[75.82052991700317,17.68278821879615],[75.81829143016087,17.684018914773386],[75.81536176489254,17.683461512172908],[75.8134131733715,17.682266491548873],[75.81048349649336,17.682502840646592],[75.81046123791936,17.677945636735643],[75.81119248789899,17.67657666132313]]]}"
0000000000000000000c,Low,0.16952183393186518,Sector-02,2.988,0.16952183393186518,"{""type"":""Polygon"",""coordinates"":[[[75.8931686412265,17.684656543558955],[75.89599123288653,17.68205239000104],[75.89825649726282,17.68003246347103],[75.89886738567776,17.679528596268284],[75.89888519915482,17.678908793907713],[75.89898773738432,17.677579956674283],[75.8990456975951,17.676251151779528],[75.89897435513042,17.675925623864863],[75.89838580057366,17.67510066644767],[75.89750735106958,17.67393245234611],[75.89657536616576,17.67277306640242],[75.89569247405542,17.671631467263403],[75.89486310700207,17.670588126047566],[75.89434136012697,17.669932583498344],[75.89477837976597,17.66995931227994],[75.89822530138115,17.670191244278982],[75.8999954794847,17.67028930778815],[75.90121289605511,17.670240305818904],[75.90213589941617,17.670168939804153],[75.90399535837525,17.670164433002743],[75.90488271805557,17.670191182612843],[75.90576112152607,17.67029381041846],[75.90617134257523,17.670436499973214],[75.90656826951563,17.670704013472292],[75.90741103767057,17.670650539715723],[75.90744223151586,17.670489939602298],[75.9074689944117,17.670333872885138],[75.90762062118569,17.6702313619636],[75.90774539633938,17.669990518528156],[75.90784801673081,17.66985681960232],[75.9079862616993,17.669709641205838],[75.9082939448849,17.66945991986126],[75.9086462023136,17.66926816329715],[75.90877992697808,17.669999509520476],[75.90883345225545,17.670583620629902],[75.90885578398768,17.67164488693648],[75.90885126447073,17.672215695483597],[75.90886464578519,17.67275964531946],[75.90888697751245,17.67331263236082],[75.90890035882352,17.67374067919802],[75.90890922061821,17.674119670598472],[75.9089137401333,17.674605690288473],[75.90886464578519,17.675194366450942],[75.90884683357162,17.675519869879246],[75.90875316433176,17.676518707590375],[75.90866844545748,17.67745508085024],[75.90859710787207,17.678271136602852],[75.90857486471693,17.67929671055521],[75.90839204534429,17.679354671337645],[75.90764286449179,17.679564289935133],[75.90729955506464,17.67972031949007],[75.9066172760461,17.68025541333737],[75.90600190166475,17.68076817477612],[75.90546681443679,17.681236448649035],[75.90554267323355,17.6816377054693],[75.90527512900054,17.681811680907256],[75.90521265172147,17.681856223300112],[75.90521265172147,17.682105958819598],[75.9051323617306,17.683572942124627],[75.9051323617306,17.6845138934489],[75.90513688136706,17.686145865528644],[75.90514131238307,17.686845970990568],[75.9051457433989,17.687541576134596],[75.90522603338216,17.688611791922153],[75.90531075433023,17.689222663241658],[75.90548914670366,17.690426611179834],[75.90564077561217,17.69107766330448],[75.90603318444235,17.69219689258923],[75.90633635230337,17.692901429772377],[75.90657270048652,17.694065207507926],[75.90673770974378,17.695104183713795],[75.90672432822691,17.695233514926812],[75.90635416483497,17.695313777967872],[75.90630958919199,17.695353971879996],[75.90611338529932,17.69532275723521],[75.9060598589866,17.695327164179922],[75.90601528325035,17.695322687421967],[75.90596627651011,17.69529599464296],[75.90592613173548,17.695273653992032],[75.90590379953802,17.695255786525998],[75.9058859869494,17.695233568727655],[75.90585479275893,17.695220177295965],[75.90580569734286,17.69518447334291],[75.90571654569516,17.695095271790695],[75.90567640084925,17.695073019421944],[75.90564520661229,17.695059627984154],[75.9055916801214,17.695055206660303],[75.90553815361014,17.69505961346894],[75.90542666951963,17.695068546276072],[75.90537323156573,17.69506854539722],[75.90531075433023,17.69507300761031],[75.90524836568723,17.69507297388929],[75.90520378969381,17.695064082893744],[75.90516364470159,17.6950507468618],[75.90510116737298,17.695050706645745],[75.90504764067506,17.69504628515306],[75.90503877863702,17.695032840019636],[75.90495405752513,17.694983863680978],[75.90481137854985,17.69490798502977],[75.9046597487473,17.694823333684628],[75.9045705963733,17.694769797636962],[75.90446797359056,17.694716253248544],[75.90436543935375,17.694591384239764],[75.9042405725807,17.694604816791255],[75.90410232393052,17.69461815903937],[75.90390611695913,17.694582528488286],[75.9037857694583,17.69457801518185],[75.90370990971414,17.69453789311273],[75.90364752036119,17.694506695783613],[75.90358061129427,17.694488853315857],[75.90351379081686,17.69447101727377],[75.90343349985643,17.694471005500883],[75.90336659068772,17.69446658162725],[75.90329968148721,17.694453153103836],[75.90325962457312,17.694439823243197],[75.90312580603853,17.69439972402736],[75.9030634164266,17.69438185694055],[75.902987556293,17.694363981397455],[75.90292516661975,17.694355118885273],[75.90284930641161,17.694355075947954],[75.90274233990378,17.694372898939648],[75.90261747169028,17.69442640956434],[75.90249260336599,17.694488836381357],[75.902385636587,17.69455132895727],[75.90234097106452,17.694569091589575],[75.90227414999843,17.694569087723742],[75.90226519916357,17.694569143052277],[75.90214033052668,17.694560238987428],[75.90195750279105,17.694546855069344],[75.90174347971588,17.69453349762539],[75.90156508259331,17.694520082429538],[75.90132429486165,17.694502217946873],[75.90054848940886,17.694457624736877],[75.90007577240658,17.694314924342873],[75.89995542163017,17.6942524969621],[75.89983941331015,17.694190120564905],[75.89955404484341,17.6940474508293],[75.89954961365147,17.69404739336998],[75.89952728044202,17.6940251116113],[75.89935783153098,17.69389131452699],[75.89919290224336,17.69376649759486],[75.89906803088097,17.6936639274511],[75.89901007067937,17.69362378210771],[75.89897887496467,17.693539060419866],[75.89891196367826,17.693333976819392],[75.89888076794182,17.693231422919478],[75.8988182878239,17.69303522500328],[75.89878266085061,17.692740872316342],[75.89875589630259,17.692491215648648],[75.89875146508554,17.692468911973894],[75.898715749471,17.69212997294572],[75.89872470053156,17.69183127170429],[75.89871131825267,17.691639528837943],[75.8986176422648,17.691487851114733],[75.89849729024189,17.6913764303556],[75.89820739919593,17.691117790124306],[75.89786849799295,17.690890367066444],[75.89773033170883,17.690796718902234],[75.89766785108041,17.690778932889515],[75.89751630220697,17.69076102467838],[75.89705252619095,17.69071643416481],[75.89676263217076,17.690694200802625],[75.89659326855845,17.690631740199358],[75.89637028611884,17.690515767539317],[75.89625879476665,17.69042220545752],[75.89611167567719,17.69024827973559],[75.8959288401127,17.689837998800215],[75.89581734841107,17.689690852997565],[75.89571480787309,17.68961056598866],[75.89511728840463,17.6893028906477],[75.89450195237251,17.688914999921014],[75.89382856269138,17.68854936888871],[75.89283867933504,17.688049927484695],[75.8923927908457,17.68787157029192],[75.89220995045504,17.687764520318265],[75.89193342939413,17.687501470168623],[75.89186208332723,17.68741674391936],[75.89177735428656,17.687086787639394],[75.89174172553248,17.686074510743556],[75.89169271382374,17.685994323089897],[75.8931686412265,17.684656543558955]]]}"
0000000000000000000d,Low,0.1668190431148301,Sector-03,3.785,0.1668190431148301,"{""type"":""Polygon"",""coordinates"":[[[75.90521265172147,17.682105958819598],[75.90521265172147,17.681856223300112],[75.90527512900054,17.681811680907256],[75.90554267323355,17.6816377054693],[75.90546681443679,17.681236448649035],[75.90600190166475,17.68076817477612],[75.9066172760461,17.68025541333737],[75.90729955506464,17.67972031949007],[75.90764286449179,17.679564289935133],[75.90839204534429,17.679354671337645],[75.90857486471693,17.67929671055521],[75.90920804000872,17.67910046613564],[75.91052347582298,17.678659096355027],[75.91101396965625,17.678395984366404],[75.91118340452662,17.678342433039166],[75.91151784283969,17.67823094721019],[75.91192804709243,17.678119488759744],[75.91236510072731,17.6780391985039],[75.91301607063252,17.67800356998127],[75.91365817602717,17.67797682939599],[75.91435832100223,17.67796789473686],[75.91503604312724,17.677932258465177],[75.91537499157748,17.677945563834385],[75.91572280057483,17.67798573053315],[75.91613299255047,17.678057085086675],[75.91650756084536,17.678146245570627],[75.91689107804548,17.67824885553537],[75.91715416953016,17.678329040854464],[75.91738154964831,17.67844053319011],[75.917809636471,17.678654607579773],[75.91896903542047,17.67913619045692],[75.921118293303,17.68004581697743],[75.92266559682464,17.68070129167761],[75.92311599699742,17.68089305685268],[75.9261927329021,17.682186182538054],[75.93005878186422,17.6838271735708],[75.93029509011797,17.683911851632804],[75.93057605453114,17.68401000957844],[75.92938095507915,17.687162595659323],[75.92857836848589,17.689490205054575],[75.92843119462333,17.689927225774323],[75.92823059134938,17.690381999688796],[75.92813693504058,17.690667431706586],[75.9279318124428,17.69115789864086],[75.92769098129489,17.691670670957055],[75.92739672015867,17.692237040085818],[75.9268303476941,17.693588129952982],[75.92582705118181,17.69307086678688],[75.92492635540583,17.69247779651067],[75.92444034057539,17.69200964880657],[75.92350835701622,17.69113117706627],[75.92302233727337,17.690716444371724],[75.92234456508913,17.691679604472217],[75.92210372434828,17.692130030297218],[75.92205020412752,17.692344032601156],[75.92196549327281,17.69270523754578],[75.92194768272049,17.692954940022073],[75.92190754251219,17.69361937662732],[75.92180502100092,17.693534594005886],[75.92149284829753,17.693360692945994],[75.92103801240049,17.69323143411654],[75.92070359675624,17.693124338509843],[75.92039594074868,17.6931288359273],[75.91997229236043,17.693137798990477],[75.91978053809945,17.69315556784061],[75.91950859041046,17.693200177971832],[75.9187505190471,17.69331162759687],[75.91764020959228,17.69345884692306],[75.91732359699533,17.69349447047721],[75.9168419864845,17.693396364225823],[75.9165655138351,17.69338749352468],[75.91624898742849,17.693316121128223],[75.91598589424808,17.693253662061007],[75.9154195643455,17.693057495318072],[75.91465260947619,17.692647232295325],[75.91405951256232,17.692335145706288],[75.91381431548226,17.69212999565964],[75.91323016516694,17.69167518781926],[75.91268163588502,17.691443321216276],[75.91239186268592,17.691340783322236],[75.91220009807516,17.69136304622446],[75.91215995508053,17.691487873894577],[75.91255677649728,17.692009586023225],[75.91241410523706,17.692665047031998],[75.91237848170725,17.693155606053512],[75.91233833876359,17.69373977059028],[75.91236953151551,17.69415440751889],[75.91237396230358,17.69473413255093],[75.91226700304071,17.6952112125654],[75.91224024105831,17.696000465568495],[75.91187904241318,17.696062941051387],[75.91155346658766,17.696125356115523],[75.91137065108877,17.69616106695881],[75.91106749408299,17.6962145162847],[75.9108043911998,17.69626354866496],[75.91068396098555,17.696227869174052],[75.91030494631195,17.696111949811392],[75.91003741113984,17.696031677177235],[75.90980549964952,17.695955935864106],[75.90954691389891,17.695884523613625],[75.90922585217653,17.695808746442513],[75.90913670269711,17.695790966116373],[75.90870858944925,17.6956928401959],[75.90834738172897,17.695541222359854],[75.90807541190819,17.69556347458276],[75.90776329731115,17.69555014357204],[75.90750461918569,17.695478810861697],[75.90717017132533,17.69531827824908],[75.90699630066081,17.69523351184272],[75.90683581128884,17.695211250680366],[75.90672432822691,17.695233514926812],[75.90673770974378,17.695104183713795],[75.90657270048652,17.694065207507926],[75.90633635230337,17.692901429772377],[75.90603318444235,17.69219689258923],[75.90564077561217,17.69107766330448],[75.90548914670366,17.690426611179834],[75.90531075433023,17.689222663241658],[75.90522603338216,17.688611791922153],[75.9051457433989,17.687541576134596],[75.90514131238307,17.686845970990568],[75.90513688136706,17.686145865528644],[75.9051323617306,17.6845138934489],[75.9051323617306,17.683572942124627],[75.90521265172147,17.682105958819598]]]}"
0000000000000000000e,Low,0.2119296436244053,Sector-12,25.867,0.2119296436244053,"{""type"":""Polygon"",""coordinates"":[[[75.87878803842129,17.683617551671897],[75.87885043877911,17.682979932594595],[75.87893074374446,17.682373453370502],[75.87902434417624,17.68183838199794],[75.87916261742784,17.681352375124764],[75.87922058578918,17.681156135857382],[75.87934990655845,17.680888649775692],[75.87960402728638,17.680523001376038],[75.87987162026164,17.680282174545475],[75.8801346922914,17.68014835316858],[75.88057609911061,17.679974461784965],[75.88103097714365,17.679706924839518],[75.88141441372345,17.67939923219507],[75.88156606854187,17.679238762390206],[75.88169086677401,17.679033615622174],[75.88182913741373,17.67877948891221],[75.88186485730698,17.678418243516866],[75.88186033692396,17.678315699127705],[75.88180689003148,17.678195294728937],[75.88173553884167,17.678141819266358],[75.88171763456228,17.67807043089278],[75.8817132028096,17.677941147709838],[75.88163289942707,17.677334724157348],[75.88178455401072,17.676848631951422],[75.88215017295356,17.67748181879987],[75.8822572437277,17.67787869905579],[75.88234641022099,17.67846732171916],[75.88238656171497,17.67865013609678],[75.88243557665794,17.678685832945106],[75.8826808283863,17.678717008619547],[75.88363063192539,17.678721509801353],[75.88377776404057,17.67870361638803],[75.88399181440408,17.678650164480985],[75.88455366182579,17.678610013304134],[75.88470974492914,17.678636728671894],[75.88517790457024,17.67948402349788],[75.88520910334003,17.67959989737457],[75.8852270071764,17.679657869603922],[75.88527158949172,17.679742586939973],[75.8853429388935,17.67982730992347],[75.88543210343678,17.679916506898575],[75.88552126792372,17.67995662548205],[75.88553465145515,17.679974458925937],[75.88561043235428,17.680054737825227],[75.88575765103725,17.68020191566066],[75.88587801394026,17.680300003031217],[75.88595831490677,17.680358013601083],[75.88607867763855,17.680429354936074],[75.88653796953426,17.68070136796837],[75.88657359960335,17.680728058278078],[75.88658698303496,17.68075039361176],[75.88659593486598,17.680768169508855],[75.88662270172365,17.680852915295866],[75.88664946857625,17.68089308416704],[75.8866895302137,17.680919832115908],[75.88711762177947,17.681102628073386],[75.88734061885881,17.681187350612504],[75.88743873391675,17.681209671495754],[75.88757691029181,17.681218576658402],[75.88763044362973,17.681214085521923],[75.88768840851243,17.681209651955225],[75.88769736027355,17.681214098889118],[75.88811649704603,17.681481689298813],[75.8886203635618,17.68219954081359],[75.88865599310478,17.682275398816103],[75.88872734079438,17.682418117589688],[75.88887898775135,17.682725745199615],[75.88922677361066,17.683622033443935],[75.88991791126057,17.68421951928956],[75.8905867995247,17.68467882860709],[75.89161241612304,17.68587390154015],[75.89169271382374,17.685994323089897],[75.89174172553248,17.686074510743556],[75.89177735428656,17.687086787639394],[75.89186208332723,17.68741674391936],[75.89193342939413,17.687501470168623],[75.89220995045504,17.687764520318265],[75.8923927908457,17.68787157029192],[75.89283867933504,17.688049927484695],[75.89382856269138,17.68854936888871],[75.89450195237251,17.688914999921014],[75.89511728840463,17.6893028906477],[75.89571480787309,17.68961056598866],[75.89581734841107,17.689690852997565],[75.8959288401127,17.689837998800215],[75.89611167567719,17.69024827973559],[75.89625879476665,17.69042220545752],[75.89637028611884,17.690515767539317],[75.89659326855845,17.690631740199358],[75.89676263217076,17.690694200802625],[75.89705252619095,17.69071643416481],[75.89751630220697,17.69076102467838],[75.89766785108041,17.690778932889515],[75.89773033170883,17.690796718902234],[75.89786849799295,17.690890367066444],[75.89820739919593,17.691117790124306],[75.89849729024189,17.6913764303556],[75.8986176422648,17.691487851114733],[75.89871131825267,17.691639528837943],[75.89872470053156,17.69183127170429],[75.898715749471,17.69212997294572],[75.89875146508554,17.692468911973894],[75.89875589630259,17.692491215648648],[75.89878266085061,17.692740872316342],[75.8988182878239,17.69303522500328],[75.89888076794182,17.693231422919478],[75.89891196367826,17.693333976819392],[75.89897887496467,17.693539060419866],[75.89901007067937,17.69362378210771],[75.89906803088097,17.6936639274511],[75.89919290224336,17.69376649759486],[75.89935783153098,17.69389131452699],[75.89952728044202,17.6940251116113],[75.89954961365147,17.69404739336998],[75.89955404484341,17.6940474508293],[75.89983941331015,17.694190120564905],[75.89995542163017,17.6942524969621],[75.90007577240658,17.694314924342873],[75.90054848940886,17.694457624736877],[75.90132429486165,17.694502217946873],[75.90156508259331,17.694520082429538],[75.90174347971588,17.69453349762539],[75.90195750279105,17.694546855069344],[75.90214033052668,17.694560238987428],[75.90226519916357,17.694569143052277],[75.90227414999843,17.694569087723742],[75.90234097106452,17.694569091589575],[75.902385636587,17.69455132895727],[75.90249260336599,17.694488836381357],[75.90261747169028,17.69442640956434],[75.90274233990378,17.694372898939648],[75.90284930641161,17.694355075947954],[75.90292516661975,17.694355118885273],[75.902987556293,17.694363981397455],[75.9030634164266,17.69438185694055],[75.90312580603853,17.69439972402736],[75.90325962457312,17.694439823243197],[75.90329968148721,17.694453153103836],[75.90336659068772,17.69446658162725],[75.90343349985643,17.694471005500883],[75.90351379081686,17.69447101727377],[75.90358061129427,17.694488853315857],[75.90364752036119,17.694506695783613],[75.90370990971414,17.69453789311273],[75.9037857694583,17.69457801518185],[75.90390611695913,17.694582528488286],[75.90410232393052,17.69461815903937],[75.9042405725807,17.694604816791255],[75.90436543935375,17.694591384239764],[75.90446797359056,17.694716253248544],[75.9045705963733,17.694769797636962],[75.9046597487473,17.694823333684628],[75.90481137854985,17.69490798502977],[75.90495405752513,17.694983863680978],[75.90503877863702,17.695032840019636],[75.90504764067506,17.69504628515306],[75.90510116737298,17.695050706645745],[75.90516364470159,17.6950507468618],[75.90520378969381,17.695064082893744],[75.90524836568723,17.69507297388929],[75.90531075433023,17.69507300761031],[75.90537323156573,17.69506854539722],[75.90542666951963,17.695068546276072],[75.90553815361014,17.69505961346894],[75.9055916801214,17.695055206660303],[75.90564520661229,17.695059627984154],[75.90567640084925,17.695073019421944],[75.90571654569516,17.695095271790695],[75.90580569734286,17.69518447334291],[75.90585479275893,17.695220177295965],[75.9058859869494,17.695233568727655],[75.90590379953802,17.695255786525998],[75.90592613173548,17.695273653992032],[75.90596627651011,17.69529599464296],[75.90601528325035,17.695322687421967],[75.9060598589866,17.695327164179922],[75.90611338529932,17.69532275723521],[75.90630958919199,17.695353971879996],[75.90635416483497,17.695313777967872],[75.90672432822691,17.695233514926812],[75.90683581128884,17.695211250680366],[75.90699630066081,17.69523351184272],[75.90717017132533,17.69531827824908],[75.90750461918569,17.695478810861697],[75.90776329731115,17.69555014357204],[75.90807541190819,17.69556347458276],[75.90834738172897,17.695541222359854],[75.90870858944925,17.6956928401959],[75.90913670269711,17.695790966116373],[75.90922585217653,17.695808746442513],[75.90954691389891,17.695884523613625],[75.90980549964952,17.695955935864106],[75.91003741113984,17.696031677177235],[75.91030494631195,17.696111949811392],[75.91068396098555,17.696227869174052],[75.9108043911998,17.69626354866496],[75.91106749408299,17.6962145162847],[75.91137065108877,17.69616106695881],[75.91155346658766,17.696125356115523],[75.91187904241318,17.696062941051387],[75.91224024105831,17.696000465568495],[75.91226700304071,17.6952112125654],[75.91237396230358,17.69473413255093],[75.91236953151551,17.69415440751889],[75.91233833876359,17.69373977059028],[75.91237848170725,17.693155606053512],[75.91241410523706,17.692665047031998],[75.91255677649728,17.692009586023225],[75.91215995508053,17.691487873894577],[75.91220009807516,17.69136304622446],[75.91239186268592,17.691340783322236],[75.91268163588502,17.691443321216276],[75.91323016516694,17.69167518781926],[75.91381431548226,17.69212999565964],[75.91405951256232,17.692335145706288],[75.91465260947619,17.692647232295325],[75.9154195643455,17.693057495318072],[75.91598589424808,17.693253662061007],[75.91624898742849,17.693316121128223],[75.9165655138351,17.69338749352468],[75.9168419864845,17.693396364225823],[75.91732359699533,17.69349447047721],[75.91764020959228,17.69345884692306],[75.9187505190471,17.69331162759687],[75.91950859041046,17.693200177971832],[75.91978053809945,17.69315556784061],[75.91997229236043,17.693137798990477],[75.92039594074868,17.6931288359273],[75.92070359675624,17.693124338509843],[75.92103801240049,17.69323143411654],[75.92149284829753,17.693360692945994],[75.92180502100092,17.693534594005886],[75.92190754251219,17.69361937662732],[75.92194768272049,17.692954940022073],[75.92196549327281,17.69270523754578],[75.92205020412752,17.692344032601156],[75.92210372434828,17.692130030297218],[75.92234456508913,17.691679604472217],[75.92302233727337,17.690716444371724],[75.92350835701622,17.69113117706627],[75.92444034057539,17.69200964880657],[75.92492635540583,17.69247779651067],[75.92582705118181,17.69307086678688],[75.9268303476941,17.693588129952982],[75.92739672015867,17.692237040085818],[75.92769098129489,17.691670670957055],[75.9279318124428,17.69115789864086],[75.92813693504058,17.690667431706586],[75.92823059134938,17.690381999688796],[75.92843119462333,17.689927225774323],[75.92857836848589,17.689490205054575],[75.92938095507915,17.687162595659323],[75.93057605453114,17.68401000957844],[75.93215904943052,17.684660978451763],[75.93370631972994,17.6852273329402],[75.93674747165169,17.686244026367703],[75.93962358713891,17.687158143858888],[75.94160339620726,17.687572794842207],[75.94439480321142,17.688121296206045],[75.94787293161832,17.68887482792496],[75.9503967553391,17.68944563486577],[75.95381688545223,17.690230465037565],[75.95515909931004,17.690649596493174],[75.95784339974195,17.691617185863358],[75.95794598344813,17.692281622040802],[75.95800400787725,17.692455528343213],[75.9603182327731,17.70096345879578],[75.96111638519398,17.70660866435464],[75.96029590924356,17.707429144442422],[75.96092025804099,17.709458087083785],[75.96076417110349,17.710394439868413],[75.96142855810655,17.71047030945384],[75.9612100194241,17.714947184384137],[75.96052782573756,17.715112230688746],[75.9605991368815,17.71536191392899],[75.9608801290096,17.715861332349125],[75.96079978232706,17.716267096421312],[75.96045199670476,17.716944880865796],[75.9599971988141,17.717301601632975],[75.95926592251124,17.717618231832752],[75.95797273669935,17.718041850837835],[75.95609547874083,17.719294842274145],[75.95453481333884,17.720378441375853],[75.951993080436,17.721751833099777],[75.95078017977998,17.722068439844605],[75.94908133928183,17.722188795938212],[75.94364563745923,17.722162038807095],[75.94453744193143,17.723669195790265],[75.94018538938076,17.723820841422878],[75.93846418178732,17.72447182467291],[75.93807620501119,17.724427308643918],[75.93711755488442,17.724708227975928],[75.93656017035627,17.72448972436447],[75.9359804561973,17.72488655186505],[75.93574415753214,17.724953446995602],[75.93521795521026,17.724833010491245],[75.93466056312207,17.72492673006466],[75.93408535980537,17.724940036767663],[75.93351458424742,17.719990473052757],[75.93402741405379,17.719941458999102],[75.9339961375143,17.719629260745442],[75.934562481023,17.719419720582845],[75.934562481023,17.717430901000547],[75.93453129320474,17.715067660882173],[75.93092382584881,17.71594607774589],[75.92803432947625,17.71657036611429],[75.92710236979848,17.71651686214653],[75.92518943182856,17.7165480789717],[75.92320070715759,17.71653915495588],[75.92261650728307,17.716521235987724],[75.91678846425768,17.716048594454783],[75.91388113106437,17.715919262888704],[75.91152679308566,17.715932709321205],[75.9087130203527,17.71585689632357],[75.90709883297981,17.716548076816103],[75.90715235889712,17.717511236061174],[75.90526174734453,17.717578111540735],[75.9040800800645,17.717792102662816],[75.90367428397907,17.717881310793263],[75.90350040899331,17.71806412417681],[75.90416028203501,17.718229143528355],[75.90426733608574,17.718318338955193],[75.90491391246162,17.719138731466117],[75.90493172517334,17.71937064023014],[75.90486481671716,17.71980315607854],[75.90404436580214,17.7205567507617],[75.9038437276932,17.721898981190538],[75.902987556293,17.721979229287474],[75.90237668575924,17.721626970250433],[75.90059306687704,17.72017778539691],[75.89948722245424,17.71945539871681],[75.89934896913462,17.719152126390718],[75.89846600578905,17.718255890825997],[75.89771694933543,17.71653916407884],[75.89672257339647,17.714189151000017],[75.8962052647061,17.71341774198533],[75.8915678358125,17.713756678520802],[75.88985551579756,17.713698675425707],[75.88891461722898,17.713484632671133],[75.88458042907101,17.71257051052115],[75.8852314388187,17.710844827362433],[75.88651120266049,17.707950922984576],[75.88647105234033,17.707897413282566],[75.88657359960335,17.70741581175851],[75.88709537523114,17.706965456934906],[75.88676539912424,17.70659977538185],[75.88573974726825,17.705422535023335],[75.88525377429384,17.704802725101047],[75.88480786181714,17.704147257973936],[75.88443329779282,17.703585445734504],[75.88430398168128,17.7033758985516],[75.8842147277915,17.70309935392937],[75.88416128179077,17.70281403040376],[75.88408993179137,17.702127328478742],[75.88398738272284,17.700633532445465],[75.8839962460852,17.700423902090517],[75.88400962976131,17.70016975645437],[75.88404534910262,17.69985765104873],[75.88417909712659,17.69901040223469],[75.88438419491042,17.69841287743137],[75.88445997642755,17.698154273537845],[75.88452689457549,17.697837644626457],[75.88460719631114,17.697449692394724],[75.88464282686793,17.69725348927378],[75.88463839520713,17.697146528974013],[75.88462501159066,17.697017200885416],[75.88451794261317,17.696749607373757],[75.8842726940779,17.69619670771872],[75.8841033154586,17.695773097054648],[75.88402301343616,17.695630422270664],[75.8839026489505,17.695443075908162],[75.88337199811244,17.694796569670284],[75.88318471431867,17.694569129242915],[75.88289044869809,17.69421243235429],[75.88267187630683,17.69389135002787],[75.88232859465376,17.69337413341277],[75.8822260443052,17.693244758721395],[75.88200303914137,17.693053029771146],[75.88105774505706,17.69208988796639],[75.88080353831036,17.69180452491834],[75.88050031550786,17.69145671452271],[75.88025505999062,17.691198044802327],[75.88011687644503,17.69100631590775],[75.88004552440093,17.690894839213723],[75.88001432448957,17.690810120365715],[75.87996974051335,17.69065407360043],[75.8798448521233,17.690225949043686],[75.87955501136017,17.68932971096482],[75.8791135127117,17.687862615461064],[75.87893960742439,17.68728739893627],[75.87890840726863,17.687144687641265],[75.87888163894768,17.686948542140662],[75.87887277526413,17.686667636489283],[75.87877908609498,17.68518713644452],[75.87877908609498,17.68401446744548],[75.87878803842129,17.683617551671897]]]}"
0000000000000000000f,Low,0.1874010238913414,Sector-11,19.472,0.1874010238913414,"{""type"":""Polygon"",""coordinates"":[[[75.83427725282243,17.710318637721006],[75.83619470373903,17.706782603686467],[75.83609664181657,17.7059487427884],[75.83608768679134,17.70461105441398],[75.83603865580163,17.703473979952108],[75.8355258243274,17.703366934736344],[75.83524041472279,17.70134698879683],[75.83547679314378,17.70053539090642],[75.83619027056135,17.699202171267522],[75.83825930820903,17.69660691662876],[75.84035952437259,17.694961489861484],[75.84173287587659,17.693231426094204],[75.8431642858816,17.69134521518003],[75.8448899380616,17.68988709472977],[75.84486768487123,17.689757754803463],[75.84622769415778,17.69070754574646],[75.84650856016187,17.690707574146963],[75.84693225186012,17.69310652343231],[75.84689652314682,17.693325015514556],[75.84698127908732,17.693534652108887],[75.8470882878227,17.693534609776812],[75.84772147290464,17.693507845638358],[75.84839038350573,17.693481127680638],[75.84895219504791,17.693423110166044],[75.84991091328108,17.693235894245934],[75.85099001763393,17.69299064274601],[75.85149836052875,17.6928434491678],[75.851698984368,17.69278545001281],[75.85259083944744,17.692531285866725],[75.85431646557184,17.692121090099565],[75.85524394214524,17.691893693244868],[75.8565549166447,17.69156813718435],[75.85664409934883,17.69154586884031],[75.85787040016125,17.691238219866477],[75.8586552164708,17.691015222693203],[75.85915457829459,17.690850222513465],[75.86031401643338,17.69049354189164],[75.86195941119662,17.689971834380312],[75.86237410333013,17.689842486741075],[75.86476418851696,17.68909779808483],[75.86478643858253,17.68886595248137],[75.86503615322192,17.68673449676318],[75.86941056451039,17.685873874421294],[75.86953989425913,17.685847108349353],[75.87029344378712,17.68568213901717],[75.87092218166164,17.6855394076133],[75.87114511567982,17.68547258941693],[75.87172483112289,17.685334315324468],[75.87230454418825,17.68520054040871],[75.87234017784957,17.68519166136324],[75.87231784033158,17.685102471802704],[75.87215287942482,17.68451829957106],[75.87195219593423,17.68379594737752],[75.8717872346007,17.683189535680963],[75.87164452206119,17.682890769794646],[75.87181400426599,17.682850596264863],[75.87232236102003,17.682636592518612],[75.87280394647283,17.68243149379386],[75.87334350105782,17.682208460103794],[75.87341033583427,17.68218622961201],[75.87357981592142,17.68213713868064],[75.87372252650658,17.68211037158134],[75.87381169838915,17.682092592274824],[75.8741729059858,17.682039015941758],[75.87510034104072,17.681914219808984],[75.87599665784678,17.681811602571493],[75.87601004228131,17.681628802433],[75.87602342671458,17.681383596738705],[75.87605905943799,17.68081280127292],[75.87606801193674,17.68077267327862],[75.87679484657568,17.680032416863348],[75.877606415077,17.67918966669114],[75.87798542908787,17.678788363666026],[75.87813699895248,17.678057064342326],[75.87818601537097,17.67778506051646],[75.87850262734227,17.67543062512496],[75.87742798740868,17.67388339239665],[75.87771783253795,17.67389671982612],[75.87801662944757,17.67387892243179],[75.87908683306632,17.67429804506364],[75.87968876363948,17.674681499863187],[75.87977349994172,17.67473506563322],[75.88028625984877,17.67506498510432],[75.88070993905818,17.675372710779246],[75.88094624159622,17.67560007132676],[75.88113352836054,17.675818569291803],[75.88178455401072,17.676848631951422],[75.88163289942707,17.677334724157348],[75.8817132028096,17.677941147709838],[75.88171763456228,17.67807043089278],[75.88173553884167,17.678141819266358],[75.88180689003148,17.678195294728937],[75.88186033692396,17.678315699127705],[75.88186485730698,17.678418243516866],[75.88182913741373,17.67877948891221],[75.88169086677401,17.679033615622174],[75.88156606854187,17.679238762390206],[75.88141441372345,17.67939923219507],[75.88103097714365,17.679706924839518],[75.88057609911061,17.679974461784965],[75.8801346922914,17.68014835316858],[75.87987162026164,17.680282174545475],[75.87960402728638,17.680523001376038],[75.87934990655845,17.680888649775692],[75.87922058578918,17.681156135857382],[75.87916261742784,17.681352375124764],[75.87902434417624,17.68183838199794],[75.87893074374446,17.682373453370502],[75.87885043877911,17.682979932594595],[75.87878803842129,17.683617551671897],[75.87877908609498,17.68401446744548],[75.87877908609498,17.68518713644452],[75.87887277526413,17.686667636489283],[75.87888163894768,17.686948542140662],[75.87890840726863,17.687144687641265],[75.87893960742439,17.68728739893627],[75.8791135127117,17.687862615461064],[75.87955501136017,17.68932971096482],[75.8798448521233,17.690225949043686],[75.87996974051335,17.69065407360043],[75.88001432448957,17.690810120365715],[75.88004552440093,17.690894839213723],[75.88011687644503,17.69100631590775],[75.88025505999062,17.691198044802327],[75.88050031550786,17.69145671452271],[75.88080353831036,17.69180452491834],[75.88105774505706,17.69208988796639],[75.88200303914137,17.693053029771146],[75.8822260443052,17.693244758721395],[75.88232859465376,17.69337413341277],[75.88267187630683,17.69389135002787],[75.88289044869809,17.69421243235429],[75.88318471431867,17.694569129242915],[75.88337199811244,17.694796569670284],[75.8839026489505,17.695443075908162],[75.88402301343616,17.695630422270664],[75.8841033154586,17.695773097054648],[75.8842726940779,17.69619670771872],[75.88451794261317,17.696749607373757],[75.88462501159066,17.697017200885416],[75.88463839520713,17.697146528974013],[75.88464282686793,17.69725348927378],[75.88460719631114,17.697449692394724],[75.88452689457549,17.697837644626457],[75.88445997642755,17.698154273537845],[75.88438419491042,17.69841287743137],[75.88417909712659,17.69901040223469],[75.88404534910262,17.69985765104873],[75.88400962976131,17.70016975645437],[75.8839962460852,17.700423902090517],[75.88398738272284,17.700633532445465],[75.88408993179137,17.702127328478742],[75.88416128179077,17.70281403040376],[75.8842147277915,17.70309935392937],[75.88430398168128,17.7033758985516],[75.88443329779282,17.703585445734504],[75.88480786181714,17.704147257973936],[75.88525377429384,17.704802725101047],[75.88573974726825,17.705422535023335],[75.88676539912424,17.70659977538185],[75.88709537523114,17.706965456934906],[75.88657359960335,17.70741581175851],[75.88647105234033,17.707897413282566],[75.88651120266049,17.707950922984576],[75.8852314388187,17.710844827362433],[75.88458042907101,17.71257051052115],[75.88450907928357,17.712927263978873],[75.88447336005969,17.713270635662308],[75.88433066034047,17.713912724207816],[75.88420586444286,17.714314049868285],[75.88404534910262,17.714867000561927],[75.88379114773741,17.715678498380527],[75.88355032963392,17.716360756240135],[75.88339876558183,17.716797739902546],[75.88330064771394,17.717158901097317],[75.88315794680867,17.71791699724257],[75.88306878082815,17.718594776128562],[75.88300638233511,17.718969313533396],[75.882930511403,17.718973757602512],[75.8826630128613,17.72075743767981],[75.88191387243113,17.717488876482317],[75.8782663207142,17.717796541201928],[75.87164452206119,17.717997202861618],[75.86397045281309,17.719009472354436],[75.86289135870256,17.719103085192316],[75.86166953375931,17.719054028946314],[75.86121024966843,17.719504421367123],[75.861054229256,17.720084128901917],[75.86051906020523,17.720400710118792],[75.85713912439142,17.72440495178847],[75.85516814496623,17.726812923629318],[75.8567422357188,17.729996705401856],[75.85136901429713,17.731035662328942],[75.84850182397125,17.731570770367206],[75.84809604549874,17.730821633332965],[75.84659774918698,17.729207461541627],[75.84559893529186,17.728730276316924],[75.84555877335761,17.73019289003842],[75.84478292766796,17.73033113344893],[75.84436375113177,17.73018844513319],[75.84419432473115,17.730340065638426],[75.84391336548696,17.73040690270602],[75.8436191068497,17.730215178760556],[75.84322226898668,17.729809385939696],[75.84298147049309,17.729738096642755],[75.84158126703436,17.729626552250753],[75.84126022812696,17.729537384465768],[75.84096144229986,17.729243106486596],[75.84045315030704,17.729060259477247],[75.84015436278139,17.728984459524465],[75.84018113842508,17.728279964088557],[75.83959703813788,17.727374702813883],[75.8387140562297,17.726366982329946],[75.83821914419805,17.726474031800937],[75.83775987280139,17.72549299689656],[75.8373362423856,17.723513136887245],[75.83607429858425,17.723334815675152],[75.83607429858425,17.72174285711927],[75.83638196103765,17.720177744442623],[75.8360609103759,17.719950350907002],[75.83559276560864,17.71964263841034],[75.83511114233671,17.719312666898144],[75.83500412457282,17.719245784265226],[75.8348614636504,17.71914319268509],[75.83493274979735,17.71753353183341],[75.83506211100999,17.716690765294363],[75.83532961082733,17.71582562390201],[75.83502194609503,17.71517014721355],[75.83418814472209,17.713154648536523],[75.83381796868218,17.712566016431463],[75.83427725282243,17.710318637721006]]]}"
